57.99,0.9665,2.28
58.08,0.968,1.71
58.28,0.9713333333,0.45
58.49,0.9748333333,1.38
58.6,0.9766666667,0.64
58.7,0.9783333333,0.28
58.81,0.9801666667,0.62
58.91,0.9818333333,0.28
59.04,0.984,0.21
59.11,0.9851666667,0.88
59.31,0.9885,0.44
59.42,0.9903333333,1.07
59.52,0.992,2.65
59.62,0.9936666667,0.48
59.73,0.9955,1.53
59.83,0.9971666667,2.43
59.93,0.9988333333,0.77
60.03,1.0005,0.83
60.13,1.0021666667,0.65
60.24,1.004,1.33
60.37,1.0061666667,1.81
60.44,1.0073333333,3.76
60.55,1.0091666667,4.11
60.65,1.0108333333,0.28
60.75,1.0125,1.99
60.86,1.0143333333,2.37
60.96,1.016,1.41
61.06,1.0176666667,1
61.17,1.0195,0.68
61.27,1.0211666667,0.88
61.37,1.0228333333,0.23
61.47,1.0245,0.52
61.57,1.0261666667,2.08
61.68,1.028,1.68
61.78,1.0296666667,0.77
61.88,1.0313333333,0.23
62.09,1.0348333333,0.53
62.19,1.0365,1.3
62.39,1.0398333333,1.08
62.5,1.0416666667,0.24
62.71,1.0451666667,0.74
62.81,1.0468333333,0.81
62.91,1.0485,0.84
63.01,1.0501666667,1.66
63.12,1.052,1.8
63.22,1.0536666667,2.91
63.32,1.0553333333,2.65
63.44,1.0573333333,0.32
63.56,1.0593333333,0.74
63.64,1.0606666667,0.82
63.74,1.0623333333,0.39
63.94,1.0656666667,1.4
64.05,1.0675,0.71
64.15,1.0691666667,3.6
64.25,1.0708333333,0.95
64.35,1.0725,1.01
64.45,1.0741666667,2.43
64.56,1.076,0.27
64.66,1.0776666667,1.71
64.76,1.0793333333,3.14
64.86,1.081,0.75
64.97,1.0828333333,0.39
65.07,1.0845,0.59
65.38,1.0896666667,0.26
66.11,1.1018333333,0.4
66.21,1.1035,0.33
66.4,1.1066666667,0.32
66.51,1.1085,0.34
67.43,1.1238333333,0.21
67.74,1.129,0.3
67.94,1.1323333333,0.45
68.04,1.134,1.86
68.14,1.1356666667,2.03
68.25,1.1375,0.48
68.35,1.1391666667,0.99
68.45,1.1408333333,1.72
68.57,1.1428333333,0.91
68.87,1.1478333333,0.5
69.07,1.1511666667,0.67
69.18,1.153,0.72
69.38,1.1563333333,0.52
69.59,1.1598333333,0.7
69.69,1.1615,0.6
70.2,1.17,0.22
70.3,1.1716666667,0.71
70.4,1.1733333333,0.35
70.5,1.175,0.36
70.61,1.1768333333,0.41
70.92,1.182,0.3
71.03,1.1838333333,0.42
71.13,1.1855,0.31
71.24,1.1873333333,0.5
71.54,1.1923333333,0.27
71.64,1.194,0.24
72.87,1.2145,0.25
72.97,1.2161666667,0.27
75.23,1.2538333333,0.24
75.34,1.2556666667,0.24
75.44,1.2573333333,0.22
75.54,1.259,0.21
90.12,1.502,0.21
91.29,1.5215,0.31
91.39,1.5231666667,0.33
91.51,1.5251666667,0.25
91.6,1.5266666667,0.2
92.23,1.5371666667,0.25
92.73,1.5455,0.26
92.83,1.5471666667,0.29
93.36,1.556,0.25
93.56,1.5593333333,0.36
93.76,1.5626666667,0.32
93.86,1.5643333333,0.57
93.96,1.566,0.31
94.07,1.5678333333,0.21
95.8,1.5966666667,0.41
95.9,1.5983333333,0.36
96.21,1.6035,0.21
96.31,1.6051666667,0.27
109.62,1.827,0.2
130.87,2.1811666667,0.24
130.91,2.1818333333,0.24
131.01,2.1835,0.25
131.94,2.199,0.21
132.55,2.2091666667,0.21
133.47,2.2245,0.23
133.57,2.2261666667,0.29
133.67,2.2278333333,0.23
195.12,3.252,0.23
227,3.7833333333,0.21
292.87,4.8811666667,0.24
307.37,5.1228333333,0.2
311.65,5.1941666667,0.21
433.87,7.2311666667,0.3
433.87,7.2311666667,0.25
436.01,7.2668333333,0.22
449.12,7.4853333333,0.22
604.25,10.0708333333,0.21
669.63,11.1605,0.27
733.74,12.229,0.27
755.37,12.5895,0.2
755.37,12.5895,0.38
775.37,12.9228333333,0.2
789.62,13.1603333333,0.25
792.05,13.2008333333,0.2
912.37,15.2061666667,0.27
916.82,15.2803333333,0.21
952,15.8666666667,0.31
952.02,15.867,0.31
1002.75,16.7125,0.21
1010.25,16.8375,0.24
1014.34,16.9056666667,0.29
1014.45,16.9075,0.64
1014.55,16.9091666667,0.56
1021.37,17.0228333333,0.21
1046,17.4333333333,0.43
1046.08,17.4346666667,0.27
1049.14,17.4856666667,0.5
1049.24,17.4873333333,0.37
1049.35,17.4891666667,0.21
1096.25,18.2708333333,0.21
1096.33,18.2721666667,0.24
1120.87,18.6811666667,0.21
1129.25,18.8208333333,0.29
1136.62,18.9436666667,0.22
1175.12,19.5853333333,0.22
1175.24,19.5873333333,0.33
1177.4,19.6233333333,0.26
1177.5,19.625,0.26
1179.23,19.6538333333,0.2
1268.62,21.1436666667,0.22
1306.37,21.7728333333,0.23
1375.87,22.9311666667,0.21
1383.37,23.0561666667,0.2
1396.37,23.2728333333,0.21
1420.13,23.6688333333,0.21
1452,24.2,0.22
1471.38,24.523,0.25
1513.37,25.2228333333,0.2
1540.38,25.673,0.21
1560.62,26.0103333333,0.23
1563.95,26.0658333333,0.33
1564.05,26.0675,0.87
1564.16,26.0693333333,0.27
1564.26,26.071,0.85
1564.36,26.0726666667,0.42
1564.46,26.0743333333,0.39
1564.57,26.0761666667,0.27
1564.67,26.0778333333,0.4
1564.88,26.0813333333,0.37
1564.98,26.083,0.81
1565.08,26.0846666667,0.33
1565.19,26.0865,1.05
1565.29,26.0881666667,1.49
1565.5,26.0916666667,1.11
1565.6,26.0933333333,0.78
1565.73,26.0955,1.01
1565.81,26.0968333333,0.96
1566.01,26.1001666667,0.71
1566.11,26.1018333333,0.35
1566.22,26.1036666667,0.22
1566.32,26.1053333333,0.24
1566.42,26.107,0.31
1566.72,26.112,0.27
1566.82,26.1136666667,0.29
1566.93,26.1155,0.51
1567.13,26.1188333333,0.41
1567.24,26.1206666667,0.34
1567.45,26.1241666667,0.54
1567.55,26.1258333333,0.68
1567.75,26.1291666667,0.59
1567.85,26.1308333333,0.36
1569.71,26.1618333333,0.33
1569.82,26.1636666667,0.36
1570,26.1666666667,0.36
1570.11,26.1685,0.47
1570.21,26.1701666667,0.61
1570.31,26.1718333333,0.52
1570.52,26.1753333333,0.32
1570.62,26.177,0.35
1570.72,26.1786666667,0.25
1571.86,26.1976666667,0.26
1571.96,26.1993333333,0.23
1572.16,26.2026666667,0.24
1572.26,26.2043333333,0.38
1572.37,26.2061666667,0.29
1687.5,28.125,0.23
1840.25,30.6708333333,0.26
1840.29,30.6715,0.24
1853.4,30.89,0.22
1891.38,31.523,0.2
1967.5,32.7916666667,0.2
1976.54,32.9423333333,0.2
2070.01,34.5001666667,0.25
2258.87,37.6478333333,0.2
2261.84,37.6973333333,0.21
2270.11,37.8351666667,0.21
2298.99,38.3165,0.22
2379.64,39.6606666667,0.24
2403.38,40.0563333333,0.21
2422.01,40.3668333333,0.2
2516.24,41.9373333333,0.26
2600.61,43.3435,0.21
2600.67,43.3445,0.22
2685.99,44.7665,0.21
2790.11,46.5018333333,0.32
2934.12,48.902,0.23
2948.23,49.1371666667,0.22
3034.49,50.5748333333,0.22
3037.76,50.6293333333,0.37
3037.86,50.631,0.32
3037.96,50.6326666667,0.38
3038.19,50.6365,0.23
3038.69,50.6448333333,0.32
3038.8,50.6466666667,0.89
3038.9,50.6483333333,0.56
3039,50.65,0.56
3039.1,50.6516666667,1.51
3039.2,50.6533333333,0.63
3039.3,50.655,0.32
3039.4,50.6566666667,1.98
3039.51,50.6585,1.64
3039.61,50.6601666667,3.63
3039.71,50.6618333333,0.32
3039.81,50.6635,0.67
3039.92,50.6653333333,2.05
3040.02,50.667,2.23
3040.12,50.6686666667,0.62
3040.22,50.6703333333,1.65
3040.33,50.6721666667,1.28
3040.53,50.6755,1.38
3040.75,50.6791666667,1.25
3040.85,50.6808333333,0.84
3041.05,50.6841666667,0.59
3041.16,50.686,0.55
3041.26,50.6876666667,1.96
3041.36,50.6893333333,1.18
3041.46,50.691,1.48
3041.56,50.6926666667,2.3
3041.66,50.6943333333,0.46
3041.77,50.6961666667,2.17
3041.87,50.6978333333,1.19
3042.08,50.7013333333,0.52
3042.18,50.703,0.21
3042.38,50.7063333333,0.27
3046.07,50.7678333333,0.22
3051.61,50.8601666667,0.3
3051.62,50.8603333333,0.22
3070.74,51.179,0.21
3136.37,52.2728333333,0.22
3138.8,52.3133333333,0.26
3142.49,52.3748333333,0.28
3145.57,52.4261666667,0.2
3145.67,52.4278333333,0.21
3155.38,52.5896666667,0.21
3241.75,54.0291666667,0.21
3243.31,54.0551666667,0.21
3250.88,54.1813333333,0.23
3252.11,54.2018333333,0.21
3254.47,54.2411666667,0.22
3304,55.0666666667,0.3
3304,55.0666666667,0.21
3304.81,55.0801666667,0.2
3305.74,55.0956666667,0.24
3305.84,55.0973333333,0.86
3305.94,55.099,1.2
3306.05,55.1008333333,0.73
3306.35,55.1058333333,0.26
3306.45,55.1075,0.23
3307.18,55.1196666667,0.28
3307.88,55.1313333333,0.21
3308.19,55.1365,0.27
3308.29,55.1381666667,0.5
3308.4,55.14,1.19
3308.5,55.1416666667,0.64
3308.61,55.1435,0.32
3308.81,55.1468333333,0.51
3308.91,55.1485,0.21
3309.22,55.1536666667,0.22
3314.25,55.2375,0.22
3314.45,55.2408333333,0.3
3330.75,55.5125,0.22
3351.37,55.8561666667,0.21
3351.39,55.8565,0.2
3532.13,58.8688333333,0.21
3657.13,60.9521666667,0.22
3702.88,61.7146666667,0.2
3719.13,61.9855,0.21
3743.01,62.3835,0.21
3748.89,62.4815,0.23
3749.93,62.4988333333,0.21
3750.24,62.504,0.29
3752.4,62.54,0.25
3753.63,62.5605,0.25
3753.93,62.5655,0.23
3754.03,62.5671666667,0.22
3755.47,62.5911666667,0.26
3755.59,62.5931666667,0.21
3755.87,62.5978333333,0.24
3755.97,62.5995,0.36
3756.07,62.6011666667,0.26
3756.29,62.6048333333,0.3
3756.39,62.6065,0.2
3757.62,62.627,0.23
3757.82,62.6303333333,0.23
3757.93,62.6321666667,0.38
3758.03,62.6338333333,0.37
3758.13,62.6355,0.32
3758.23,62.6371666667,0.23
3792.39,63.2065,0.23
3805.39,63.4231666667,0.23
3833.89,63.8981666667,0.21
3841.76,64.0293333333,0.22
3865.89,64.4315,0.21
3899.14,64.9856666667,0.2
3913.65,65.2275,0.21
3967.9,66.1316666667,0.21
3980.15,66.3358333333,0.27
3989.9,66.4983333333,0.28
4009.66,66.8276666667,0.22
4087.15,68.1191666667,0.23
4180.66,69.6776666667,0.21
4234.79,70.5798333333,0.25
4245.54,70.759,0.23
4259.54,70.9923333333,0.23
4275.78,71.263,0.28
4322.15,72.0358333333,0.23
4346.15,72.4358333333,0.2
4402.89,73.3815,0.21
4415.01,73.5835,0.22
4528.5,75.475,0.33
4528.51,75.4751666667,0.21
4554.37,75.9061666667,0.25
4645.25,77.4208333333,0.61
4645.28,77.4213333333,0.5
4645.38,77.423,0.88
4645.49,77.4248333333,1.1
4645.59,77.4265,0.21
4645.79,77.4298333333,0.34
4646,77.4333333333,0.34
4646.1,77.435,0.3
4646.2,77.4366666667,0.25
4646.3,77.4383333333,0.39
4647.03,77.4505,0.33
4647.13,77.4521666667,0.63
4647.22,77.4536666667,0.53
4647.33,77.4555,0.54
4647.43,77.4571666667,0.91
4647.53,77.4588333333,0.47
4647.74,77.4623333333,0.29
4647.84,77.464,0.71
4647.95,77.4658333333,1.02
4648.05,77.4675,0.25
4648.26,77.471,1.19
4648.36,77.4726666667,1.15
4648.46,77.4743333333,0.43
4648.56,77.476,1.03
4648.66,77.4776666667,2.23
4648.77,77.4795,1.65
4648.87,77.4811666667,3.59
4649,77.4833333333,1.74
4649.08,77.4846666667,3.99
4649.18,77.4863333333,2.19
4649.28,77.488,1.07
4649.39,77.4898333333,1.81
4649.49,77.4915,1.83
4649.59,77.4931666667,2.06
4649.69,77.4948333333,0.38
4649.81,77.4968333333,0.84
4649.91,77.4985,0.25
4650.01,77.5001666667,0.42
4650.11,77.5018333333,0.61
4650.22,77.5036666667,0.71
4650.32,77.5053333333,0.65
4650.52,77.5086666667,0.37
4650.62,77.5103333333,0.31
4651.13,77.5188333333,0.31
4651.23,77.5205,0.22
4651.54,77.5256666667,0.27
4651.64,77.5273333333,0.6
4651.75,77.5291666667,0.46
4652.16,77.536,0.21
4652.36,77.5393333333,0.46
4652.46,77.541,0.86
4652.57,77.5428333333,0.63
4652.67,77.5445,0.34
4652.77,77.5461666667,0.47
4653.08,77.5513333333,0.67
4653.18,77.553,0.52
4653.28,77.5546666667,1.04
4653.49,77.5581666667,0.8
4653.59,77.5598333333,0.46
4653.8,77.5633333333,0.31
4654,77.5666666667,0.31
4654.53,77.5755,0.22
4654.62,77.577,0.27
4657.79,77.6298333333,0.2
4811.37,80.1895,0.2
4978.5,82.975,0.2
4982.31,83.0385,0.2
5197.13,86.6188333333,0.25
5420.63,90.3438333333,0.2
5499.12,91.652,0.2
5511.62,91.8603333333,0.23
5735,95.5833333333,0.23
5988.62,99.8103333333,0.25
5988.8,99.8133333333,0.29
5989.12,99.8186666667,0.21
5989.22,99.8203333333,0.24
5989.92,99.832,0.21
5990.33,99.8388333333,0.22
5990.84,99.8473333333,0.26
5990.95,99.8491666667,0.26
5991.26,99.8543333333,0.21
5991.77,99.8628333333,0.2
5991.97,99.8661666667,0.3
5992.07,99.8678333333,0.34
5992.18,99.8696666667,0.21
5993.1,99.885,0.68
5993.2,99.8866666667,0.67
5993.51,99.8918333333,0.21
5994.13,99.9021666667,0.38
5994.44,99.9073333333,0.47
5994.74,99.9123333333,1.15
5994.94,99.9156666667,0.8
5995.05,99.9175,0.26
5995.15,99.9191666667,0.78
5995.25,99.9208333333,0.6
5995.35,99.9225,1.63
5995.46,99.9243333333,0.69
5995.56,99.926,0.26
5995.66,99.9276666667,1.1
5995.77,99.9295,0.46
5995.97,99.9328333333,1.29
5996.08,99.9346666667,0.75
5996.18,99.9363333333,0.68
5996.28,99.938,1.03
5996.39,99.9398333333,0.23
5996.49,99.9415,1.94
5996.59,99.9431666667,1.7
5996.69,99.9448333333,0.77
5996.79,99.9465,0.36
5996.89,99.9481666667,1.03
5997,99.95,0.49
5997.1,99.9516666667,0.29
5997.31,99.9551666667,0.71
5997.41,99.9568333333,0.82
5997.51,99.9585,0.39
5997.72,99.962,0.41
5997.82,99.9636666667,0.49
5997.92,99.9653333333,0.29
5998.03,99.9671666667,0.26
5998.34,99.9723333333,0.22
5998.64,99.9773333333,0.35
5999.16,99.986,0.35
5999.57,99.9928333333,0.26
5999.67,99.9945,0.22
5999.98,99.9996666667,0.26
6000.08,100.0013333333,0.54
6000.18,100.003,0.7
6000.28,100.0046666667,0.52
6000.39,100.0065,0.27
6000.49,100.0081666667,0.59
6000.6,100.01,0.24
6000.8,100.0133333333,0.46
6000.9,100.015,0.39
6001.01,100.0168333333,0.38
6001.11,100.0185,0.46
6001.21,100.0201666667,0.29
6001.41,100.0235,0.8
6001.52,100.0253333333,0.78
6001.72,100.0286666667,0.33
6002.74,100.0456666667,0.27
6002.85,100.0475,0.36
6002.95,100.0491666667,0.3
6004.09,100.0681666667,0.21
6095.12,101.5853333333,0.22
6114.62,101.9103333333,0.24
6125.63,102.0938333333,0.21
6165.88,102.7646666667,0.24
6165.91,102.7651666667,0.28
6319.75,105.3291666667,0.26
6334.38,105.573,0.21
6340.52,105.6753333333,0.34
6340.63,105.6771666667,0.29
6364.13,106.0688333333,0.24
6390.26,106.5043333333,0.21
6420.13,107.0021666667,0.21
6497.01,108.2835,0.21
6636.01,110.6001666667,0.21
6703.88,111.7313333333,0.26
6703.89,111.7315,0.22
6704.99,111.7498333333,0.21
6705.1,111.7516666667,0.26
6706.21,111.7701666667,0.24
6706.31,111.7718333333,0.33
6713.26,111.8876666667,0.24
6713.28,111.888,0.27
6713.48,111.8913333333,0.61
6713.59,111.8931666667,0.27
6713.79,111.8965,0.28
6714.09,111.9015,0.6
6714.3,111.905,0.53
6714.51,111.9085,0.55
6715.63,111.9271666667,0.5
6715.75,111.9291666667,0.45
6715.85,111.9308333333,1.28
6715.95,111.9325,0.95
6716.16,111.936,0.77
6716.26,111.9376666667,1.08
6716.36,111.9393333333,0.85
6716.46,111.941,0.24
6716.97,111.9495,0.29
6717.69,111.9615,0.22
6717.79,111.9631666667,0.25
6718,111.9666666667,0.31
6718.1,111.9683333333,0.27
6805.39,113.4231666667,0.2
6923.64,115.394,0.25
7112.77,118.5461666667,0.28
7391.65,123.1941666667,0.25
7391.7,123.195,0.22
7558.14,125.969,0.22
7607.52,126.792,0.21
7678.76,127.9793333333,0.2
7706.38,128.4396666667,0.21
7749.88,129.1646666667,0.28
7827.25,130.4541666667,0.23
7933.38,132.223,0.22
7933.91,132.2318333333,0.22
7934.08,132.2346666667,0.24
7935,132.25,0.35
7935.2,132.2533333333,0.36
7935.41,132.2568333333,0.25
7936.24,132.2706666667,0.3
7936.34,132.2723333333,0.41
7936.44,132.274,0.49
7936.54,132.2756666667,0.44
7936.74,132.279,0.25
7936.84,132.2806666667,0.43
7937.05,132.2841666667,0.35
7937.15,132.2858333333,0.28
7937.67,132.2945,0.39
7937.77,132.2961666667,1.03
7937.88,132.298,0.5
7938.18,132.303,0.2
7938.38,132.3063333333,0.28
7938.48,132.308,0.68
7938.59,132.3098333333,0.31
7939,132.3166666667,0.32
7939.1,132.3183333333,0.68
7939.2,132.32,0.29
7939.31,132.3218333333,0.95
7939.42,132.3236666667,0.61
7939.52,132.3253333333,1.72
7939.62,132.327,1.31
7939.72,132.3286666667,0.21
7940.13,132.3355,0.3
7940.43,132.3405,0.32
7940.54,132.3423333333,0.26
7940.64,132.344,0.55
7940.85,132.3475,0.37
7940.95,132.3491666667,0.67
7941.05,132.3508333333,0.55
7941.36,132.356,0.39
7941.46,132.3576666667,0.71
7941.88,132.3646666667,0.21
7941.98,132.3663333333,0.3
7942.29,132.3715,0.43
7942.39,132.3731666667,0.3
7942.49,132.3748333333,0.2
7942.59,132.3765,0.35
7942.9,132.3816666667,0.36
7943,132.3833333333,0.51
7943.2,132.3866666667,0.23
7943.31,132.3885,0.21
7943.71,132.3951666667,0.26
7943.83,132.3971666667,0.22
7944.04,132.4006666667,0.75
7944.14,132.4023333333,0.66
7944.34,132.4056666667,0.37
7944.44,132.4073333333,1.32
7944.55,132.4091666667,1.95
7944.68,132.4113333333,0.68
7944.75,132.4125,1.01
7944.85,132.4141666667,0.89
7944.96,132.416,0.21
7945.06,132.4176666667,0.47
7945.16,132.4193333333,0.85
7945.36,132.4226666667,0.39
7945.46,132.4243333333,0.45
7945.57,132.4261666667,0.57
7945.67,132.4278333333,0.26
7945.77,132.4295,0.31
7945.87,132.4311666667,0.8
7945.98,132.433,0.49
7946.29,132.4381666667,0.5
7946.39,132.4398333333,0.38
7947.83,132.4638333333,0.23
7948.44,132.474,0.22
7953.5,132.5583333333,0.21
8133.37,135.5561666667,0.21
8212.5,136.875,0.22
8335.5,138.925,0.29
8335.5,138.925,0.27
8524.5,142.075,0.21
8528.52,142.142,0.21
8529.45,142.1575,0.27
8529.65,142.1608333333,0.44
8529.75,142.1625,0.4
8530.36,142.1726666667,0.71
8530.56,142.176,0.76
8530.67,142.1778333333,2.44
8530.78,142.1796666667,3.75
8530.88,142.1813333333,1.82
8530.98,142.183,1.42
8531.18,142.1863333333,1.81
8531.39,142.1898333333,0.74
8531.7,142.195,0.61
8531.8,142.1966666667,1.47
8531.9,142.1983333333,1.24
8532.1,142.2016666667,0.65
8532.31,142.2051666667,1.69
8532.42,142.207,0.8
8532.62,142.2103333333,0.4
8532.72,142.212,0.22
8532.82,142.2136666667,0.49
8532.93,142.2155,0.46
8533.13,142.2188333333,0.27
8533.24,142.2206666667,0.34
8533.35,142.2225,0.38
8533.45,142.2241666667,0.41
8533.95,142.2325,0.31
8534.06,142.2343333333,0.28
8534.36,142.2393333333,0.2
8534.47,142.2411666667,0.43
8534.57,142.2428333333,0.48
8534.67,142.2445,0.71
8534.77,142.2461666667,0.71
8534.88,142.248,0.86
8534.98,142.2496666667,1.13
8535.08,142.2513333333,2.18
8535.18,142.253,0.43
8535.29,142.2548333333,1.75
8535.39,142.2565,0.41
8535.5,142.2583333333,1.67
8535.6,142.26,2.47
8535.7,142.2616666667,0.89
8535.8,142.2633333333,0.44
8535.91,142.2651666667,0.61
8543.88,142.398,0.21
8565.12,142.752,0.21
8610.37,143.5061666667,0.2
8610.63,143.5105,0.34
8610.73,143.5121666667,0.33
8624,143.7333333333,0.2
8644.62,144.077,0.2
8649.01,144.1501666667,0.27
8732.88,145.548,0.21
8734.56,145.576,0.22
8734.67,145.5778333333,0.2
8744.51,145.7418333333,0.2
8805,146.75,0.21
8810.13,146.8355,0.2
8842.63,147.3771666667,0.25
8872.75,147.8791666667,0.21
8901.25,148.3541666667,0.24
8949,149.15,0.21
8964.37,149.4061666667,0.21
8973.75,149.5625,0.22
8985,149.75,0.21
8994.62,149.9103333333,0.26
9039.38,150.6563333333,0.24
9039.45,150.6575,0.23
9099.37,151.6561666667,0.23
9199.5,153.325,0.27
9225.88,153.7646666667,0.21
9241,154.0166666667,0.2
9269.5,154.4916666667,0.25
9269.54,154.4923333333,0.24
9291.13,154.8521666667,0.2
9298.26,154.971,0.22
9307.51,155.1251666667,0.21
9325.88,155.4313333333,0.22
9335.88,155.598,0.22
9358.5,155.975,0.2
9388.76,156.4793333333,0.2
9388.87,156.4811666667,0.2
9396.38,156.6063333333,0.23
9403.5,156.725,0.24
9406.06,156.7676666667,0.23
9435.88,157.2646666667,0.29
9435.94,157.2656666667,0.25
9439.93,157.3321666667,0.21
9443.02,157.3836666667,0.23
9480.75,158.0125,0.21
9491.75,158.1958333333,0.21
9491.75,158.1958333333,0.2
9505.12,158.4186666667,0.25
9521.75,158.6958333333,0.21
9546.38,159.1063333333,0.22
9555.37,159.2561666667,0.21
9568.12,159.4686666667,0.23
9568.17,159.4695,0.21
9574.87,159.5811666667,0.22
9576.97,159.6161666667,0.23
9613.62,160.227,0.21
9630.13,160.5021666667,0.22
9658.62,160.977,0.24
9697.62,161.627,0.28
9724.99,162.0831666667,0.2
9727.73,162.1288333333,0.2
9727.83,162.1305,0.23
9733.49,162.2248333333,0.22
9778.74,162.979,0.21
9785.49,163.0915,0.2
9819.87,163.6645,0.25
9833.87,163.8978333333,0.26
9865.49,164.4248333333,0.21
9879.12,164.652,0.21
9879.2,164.6533333333,0.33
9879.3,164.655,0.29
9879.72,164.662,0.32
9879.82,164.6636666667,0.39
9879.92,164.6653333333,0.23
9880.33,164.6721666667,0.3
9880.43,164.6738333333,0.42
9880.63,164.6771666667,0.27
9880.74,164.679,0.3
9881.26,164.6876666667,0.3
9881.36,164.6893333333,0.36
9882.07,164.7011666667,0.45
9882.17,164.7028333333,0.43
9882.69,164.7115,0.78
9882.89,164.7148333333,1.46
9882.99,164.7165,1.49
9883.09,164.7181666667,1.83
9883.2,164.72,0.53
9883.31,164.7218333333,0.2
9883.41,164.7235,2.99
9883.51,164.7251666667,0.85
9883.61,164.7268333333,2.91
9883.72,164.7286666667,0.82
9883.92,164.732,0.79
9884.03,164.7338333333,1.34
9884.13,164.7355,1
9884.23,164.7371666667,4.26
9884.33,164.7388333333,1.61
9884.43,164.7405,0.32
9884.54,164.7423333333,0.24
9884.64,164.744,4.48
9884.74,164.7456666667,0.92
9884.84,164.7473333333,2.39
9884.95,164.7491666667,3.14
9885.05,164.7508333333,0.29
9885.15,164.7525,1.82
9885.36,164.756,0.33
9885.47,164.7578333333,0.27
9885.57,164.7595,0.64
9885.67,164.7611666667,0.32
9885.99,164.7665,0.46
9886.09,164.7681666667,0.71
9888.02,164.8003333333,0.32
9888.13,164.8021666667,0.22
9888.95,164.8158333333,0.23
9889.26,164.821,0.44
9889.56,164.826,1.24
9889.67,164.8278333333,0.42
9889.87,164.8311666667,0.77
9889.97,164.8328333333,0.61
9890.08,164.8346666667,0.84
9890.18,164.8363333333,0.62
9890.28,164.838,0.51
9890.39,164.8398333333,0.37
9890.49,164.8415,0.71
9890.59,164.8431666667,0.74
9890.79,164.8465,0.44
9890.89,164.8481666667,0.27
9891.2,164.8533333333,0.32
9891.33,164.8555,0.35
9891.41,164.8568333333,0.27
9893.15,164.8858333333,0.23
9893.25,164.8875,0.24
9893.56,164.8926666667,0.2
9957.61,165.9601666667,0.26
9961.01,166.0168333333,0.21
10093.49,168.2248333333,0.22
10131.74,168.8623333333,0.21
10163.49,169.3915,0.24
10206.11,170.1018333333,0.21
10218.61,170.3101666667,0.22
10222.07,170.3678333333,0.21
10304.61,171.7435,0.21
10331.86,172.1976666667,0.24
10331.89,172.1981666667,0.4
10331.99,172.1998333333,0.26
10332.19,172.2031666667,0.43
10332.3,172.205,0.93
10332.4,172.2066666667,0.26
10332.7,172.2116666667,0.61
10332.8,172.2133333333,0.52
10332.91,172.2151666667,0.46
10333.11,172.2185,0.57
10333.21,172.2201666667,0.31
10333.32,172.222,0.3
10333.42,172.2236666667,0.4
10333.63,172.2271666667,0.57
10333.73,172.2288333333,0.64
10333.93,172.2321666667,0.37
10334.04,172.234,0.35
10335.17,172.2528333333,0.22
10335.27,172.2545,0.28
10337.42,172.2903333333,0.22
10486.87,174.7811666667,0.48
10486.95,174.7825,0.29
10487.05,174.7841666667,0.23
10487.45,174.7908333333,0.25
10488.28,174.8046666667,0.31
10488.48,174.808,0.24
10488.88,174.8146666667,0.2
10488.98,174.8163333333,0.3
10489.09,174.8181666667,0.35
10490.53,174.8421666667,0.27
10490.63,174.8438333333,0.42
10490.73,174.8455,1.01
10490.83,174.8471666667,1.46
10490.93,174.8488333333,0.22
10491.04,174.8506666667,0.55
10491.14,174.8523333333,0.26
10491.24,174.854,0.28
10491.34,174.8556666667,0.66
10491.45,174.8575,1.23
10491.65,174.8608333333,1.46
10491.76,174.8626666667,1.29
10491.86,174.8643333333,0.2
10491.96,174.866,0.42
10492.07,174.8678333333,0.53
10492.17,174.8695,0.41
10492.57,174.8761666667,0.33
10492.68,174.878,0.65
10492.88,174.8813333333,0.32
10499.24,174.9873333333,0.24
10544.49,175.7415,0.2
10557.49,175.9581666667,0.2
10605.49,176.7581666667,0.2
10614.36,176.906,0.22
10662.86,177.7143333333,0.24
10664.63,177.7438333333,0.2
10753.11,179.2185,0.2
10755.31,179.2551666667,0.21
10778.49,179.6415,0.21
10816.99,180.2831666667,0.26
10831.86,180.531,0.27
10832.07,180.5345,0.49
10832.19,180.5365,0.41
10832.9,180.5483333333,0.28
10833,180.55,0.31
10836.59,180.6098333333,0.23
10836.7,180.6116666667,0.22
10839.95,180.6658333333,0.22
10841.19,180.6865,0.26
10841.29,180.6881666667,0.23
10841.6,180.6933333333,0.22
10842.01,180.7001666667,0.21
10842.11,180.7018333333,0.29
10844.06,180.7343333333,0.33
10844.16,180.736,0.27
10851.61,180.8601666667,0.21
11101.61,185.0268333333,0.21
11198.37,186.6395,0.28
11198.4,186.64,0.34
11198.5,186.6416666667,0.25
11198.6,186.6433333333,0.25
11198.8,186.6466666667,0.23
11201.57,186.6928333333,0.21
11228.49,187.1415,0.21
11289.86,188.1643333333,0.21
11396.24,189.9373333333,0.21
11473.24,191.2206666667,0.21
11478.87,191.3145,0.22
11600.5,193.3416666667,0.22
11712.62,195.2103333333,0.21
11732,195.5333333333,0.21
11743.63,195.7271666667,0.21
11743.63,195.7271666667,0.24
11792.62,196.5436666667,0.21
11806.37,196.7728333333,0.21
11899.75,198.3291666667,0.2
11937.38,198.9563333333,0.27
11937.49,198.9581666667,0.22
11953.75,199.2291666667,0.22
12053,200.8833333333,0.21
12066.5,201.1083333333,0.21
12080.25,201.3375,0.21
12199.5,203.325,0.22
12232.26,203.871,0.21
12238.76,203.9793333333,0.22
12260.38,204.3396666667,0.21
12260.71,204.3451666667,0.22
12260.81,204.3468333333,0.22
12377.63,206.2938333333,0.2
12379.44,206.324,0.21
12437.63,207.2938333333,0.2
12489.01,208.1501666667,0.2
12568.14,209.469,0.2
12597.76,209.9626666667,0.24
12614.01,210.2335,0.2
12617.09,210.2848333333,0.2
12684.89,211.4148333333,0.35
12684.95,211.4158333333,0.45
12692.01,211.5335,0.2
12709.01,211.8168333333,0.21
12709.11,211.8185,0.21
12724.76,212.0793333333,0.2
12740.14,212.3356666667,0.26
12740.63,212.3438333333,0.31
12741.55,212.3591666667,0.24
12741.66,212.361,0.25
12743.19,212.3865,0.23
12743.29,212.3881666667,0.43
12743.39,212.3898333333,0.63
12743.6,212.3933333333,0.37
12743.7,212.395,0.4
12743.8,212.3966666667,0.51
12744.01,212.4001666667,0.41
12744.11,212.4018333333,0.89
12744.21,212.4035,0.78
12744.32,212.4053333333,0.32
12744.63,212.4105,0.25
12745.16,212.4193333333,0.35
12745.24,212.4206666667,0.22
12745.45,212.4241666667,0.37
12745.55,212.4258333333,0.44
12745.65,212.4275,0.71
12745.76,212.4293333333,1.1
12745.86,212.431,1.76
12745.96,212.4326666667,0.38
12746.79,212.4465,0.2
12747.2,212.4533333333,0.33
12747.4,212.4566666667,0.27
12748.21,212.4701666667,0.22
12748.62,212.477,0.25
12748.73,212.4788333333,0.34
12749.75,212.4958333333,0.29
12750.26,212.5043333333,0.3
12750.57,212.5095,0.28
12751.08,212.518,0.48
12751.6,212.5266666667,0.42
12751.7,212.5283333333,0.59
12751.8,212.53,0.75
12751.9,212.5316666667,1.25
12752,212.5333333333,0.63
12752.21,212.5368333333,0.24
12752.32,212.5386666667,0.52
12752.42,212.5403333333,0.36
12752.52,212.542,0.77
12752.63,212.5438333333,0.83
12752.73,212.5455,0.56
12752.83,212.5471666667,0.73
12752.93,212.5488333333,0.25
12753.36,212.556,0.25
12768.51,212.8085,0.3
12769.61,212.8268333333,0.22
12796.52,213.2753333333,0.24
12800.22,213.337,0.26
12801.24,213.354,0.21
12801.85,213.3641666667,0.22
12802.16,213.3693333333,0.36
12802.26,213.371,0.21
12803.7,213.395,0.31
12803.8,213.3966666667,0.24
12843.51,214.0585,0.22
13022.14,217.0356666667,0.24
13181.89,219.6981666667,0.2
13257.51,220.9585,0.2
13512.27,225.2045,0.23
13527.14,225.4523333333,0.23
13562.14,226.0356666667,0.21
13626.39,227.1065,0.22
13696.14,228.269,0.2
13697.02,228.2836666667,0.23
13702.9,228.3816666667,0.29
13702.95,228.3825,0.23
13703.16,228.386,1.58
13703.28,228.388,0.61
13703.38,228.3896666667,1.25
13703.48,228.3913333333,0.94
13703.58,228.393,1.13
13703.69,228.3948333333,0.56
13703.79,228.3965,0.49
13703.89,228.3981666667,0.74
13703.99,228.3998333333,0.54
13704.09,228.4015,0.39
13704.19,228.4031666667,0.36
13704.3,228.405,0.28
13704.4,228.4066666667,0.37
13704.5,228.4083333333,0.75
13704.6,228.41,0.61
13704.7,228.4116666667,1.03
13704.8,228.4133333333,0.38
13704.91,228.4151666667,0.72
13705.01,228.4168333333,0.25
13705.12,228.4186666667,1.08
13705.22,228.4203333333,1.2
13705.32,228.422,1
13705.42,228.4236666667,0.97
13706.05,228.4341666667,0.25
13706.15,228.4358333333,0.29
13706.65,228.4441666667,0.29
13706.86,228.4476666667,0.23
13707.59,228.4598333333,0.21
13707.69,228.4615,0.34
13708.3,228.4716666667,0.39
13708.4,228.4733333333,0.21
13709.01,228.4835,0.32
13709.11,228.4851666667,0.42
13709.52,228.492,0.22
13709.73,228.4955,0.36
13709.83,228.4971666667,0.21
13711.79,228.5298333333,0.23
13711.89,228.5315,0.31
13711.99,228.5331666667,0.2
13712.29,228.5381666667,0.24
13712.6,228.5433333333,0.28
13713.21,228.5535,0.4
13713.31,228.5551666667,0.28
13713.52,228.5586666667,0.25
13862.14,231.0356666667,1.15
13862.22,231.037,1.24
13864.38,231.073,0.32
13864.48,231.0746666667,0.31
13864.58,231.0763333333,0.61
13864.69,231.0781666667,0.97
13864.79,231.0798333333,1.1
13864.89,231.0815,1.08
13865.09,231.0848333333,0.78
13865.19,231.0865,0.54
13865.29,231.0881666667,0.77
13865.4,231.09,0.96
13865.5,231.0916666667,0.21
13865.6,231.0933333333,0.21
13865.81,231.0968333333,0.28
13865.91,231.0985,0.41
13866.03,231.1005,0.4
13866.74,231.1123333333,0.21
13867.04,231.1173333333,0.69
13867.14,231.119,0.6
13869.6,231.16,0.21
13929.39,232.1565,0.22
13966.89,232.7815,0.21
13966.95,232.7825,0.31
14128.9,235.4816666667,0.2
14264.4,237.74,0.22
14283.27,238.0545,0.2
14293.27,238.2211666667,0.2
14332.9,238.8816666667,0.21
14332.93,238.8821666667,0.24
14352.65,239.2108333333,0.2
14381.4,239.69,0.21
14381.4,239.69,0.22
14383.18,239.7196666667,0.25
14394.77,239.9128333333,0.21
14398.33,239.9721666667,0.2
14423.14,240.3856666667,0.21
14424.12,240.402,0.21
14424.22,240.4036666667,0.22
14654.4,244.24,0.23
14687.65,244.7941666667,0.21
14713.27,245.2211666667,0.2
14717.64,245.294,0.28
14727.9,245.465,0.23
14732.79,245.5465,0.22
14735.77,245.5961666667,0.4
14735.88,245.598,0.22
14735.98,245.5996666667,0.95
14736.08,245.6013333333,0.82
14736.18,245.603,0.3
14736.48,245.608,0.29
14737.71,245.6285,0.27
14737.81,245.6301666667,0.25
14738.22,245.637,0.42
14738.32,245.6386666667,0.74
14738.53,245.6421666667,0.35
14738.63,245.6438333333,0.24
14738.73,245.6455,0.46
14738.94,245.649,0.22
14739.14,245.6523333333,0.49
14739.24,245.654,0.88
14739.35,245.6558333333,0.56
14739.55,245.6591666667,0.65
14739.66,245.661,0.65
14739.86,245.6643333333,0.54
14740.07,245.6678333333,1.8
14740.17,245.6695,0.87
14740.27,245.6711666667,0.63
14740.37,245.6728333333,0.81
14740.48,245.6746666667,0.22
14740.58,245.6763333333,1.03
14740.78,245.6796666667,1.47
14740.89,245.6815,1.83
14740.99,245.6831666667,0.54
14741.1,245.685,1.54
14741.2,245.6866666667,1.43
14741.3,245.6883333333,0.4
14741.4,245.69,0.57
14741.71,245.6951666667,0.82
14741.81,245.6968333333,1.26
14741.92,245.6986666667,0.22
14742.02,245.7003333333,1.04
14742.12,245.702,1.03
14742.22,245.7036666667,0.37
14742.33,245.7055,0.26
14742.54,245.709,0.2
14742.75,245.7125,0.44
14742.95,245.7158333333,0.29
14743.87,245.7311666667,0.25
14744.69,245.7448333333,0.26
14744.79,245.7465,0.21
14744.99,245.7498333333,0.65
14745.2,245.7533333333,0.88
14745.3,245.755,0.34
14745.4,245.7566666667,1.75
14745.61,245.7601666667,0.42
14745.71,245.7618333333,2.36
14745.81,245.7635,0.46
14745.92,245.7653333333,1.82
14746.33,245.7721666667,0.33
14746.84,245.7806666667,0.39
14746.94,245.7823333333,0.7
14747.04,245.784,0.21
14747.15,245.7858333333,0.58
14747.36,245.7893333333,0.24
14747.46,245.791,0.49
14747.56,245.7926666667,0.41
14747.67,245.7945,0.3
14747.77,245.7961666667,0.58
14747.98,245.7996666667,0.3
14749.92,245.832,0.21
14750.23,245.8371666667,0.26
15388.4,256.4733333333,0.21
15444.28,257.4046666667,0.2
15472.28,257.8713333333,0.23
15473.36,257.8893333333,0.26
15473.46,257.891,0.21
15474.07,257.9011666667,0.24
15474.48,257.908,0.33
15474.89,257.9148333333,0.31
15475.92,257.932,0.24
15476.73,257.9455,0.5
15477.04,257.9506666667,0.22
15477.57,257.9595,0.65
15477.67,257.9611666667,0.39
15477.87,257.9645,0.41
15477.97,257.9661666667,0.53
15478.27,257.9711666667,0.83
15478.37,257.9728333333,0.81
15478.48,257.9746666667,2.34
15478.58,257.9763333333,2.93
15478.69,257.9781666667,1.47
15478.79,257.9798333333,3.68
15478.89,257.9815,2.61
15478.99,257.9831666667,0.5
15479.09,257.9848333333,3.05
15479.22,257.987,2.41
15479.3,257.9883333333,0.65
15479.4,257.99,0.8
15479.5,257.9916666667,1.17
15479.61,257.9935,0.95
15479.71,257.9951666667,0.93
15479.81,257.9968333333,0.22
15479.93,257.9988333333,0.77
15480.13,258.0021666667,0.41
15480.43,258.0071666667,0.45
15480.53,258.0088333333,0.39
15480.63,258.0105,0.31
15480.85,258.0141666667,2.16
15481.05,258.0175,0.29
15481.15,258.0191666667,0.24
15481.25,258.0208333333,2.59
15481.35,258.0225,0.25
15481.46,258.0243333333,1.37
15481.66,258.0276666667,0.49
15481.77,258.0295,0.31
15481.97,258.0328333333,0.36
15482.07,258.0345,0.29
15482.58,258.043,0.74
15482.69,258.0448333333,3.06
15482.79,258.0465,1.37
15482.89,258.0481666667,0.28
15483,258.05,0.71
15483.1,258.0516666667,0.54
15483.31,258.0551666667,0.4
15483.41,258.0568333333,1.54
15483.51,258.0585,1.98
15483.61,258.0601666667,0.82
15483.71,258.0618333333,1.86
15483.82,258.0636666667,0.26
15483.92,258.0653333333,1.02
15484.13,258.0688333333,0.79
15484.33,258.0721666667,0.32
15484.44,258.074,0.36
15484.95,258.0825,0.36
15485.56,258.0926666667,0.31
15485.66,258.0943333333,0.42
15488.98,258.1496666667,0.26
15491.2,258.1866666667,0.22
15491.3,258.1883333333,0.2
15645.78,260.763,0.21
15681.28,261.3546666667,0.21
15739.9,262.3316666667,0.22
15802.9,263.3816666667,0.34
15805.11,263.4185,0.32
15805.22,263.4203333333,0.47
15805.32,263.422,0.3
15805.42,263.4236666667,0.27
15805.52,263.4253333333,0.34
15805.73,263.4288333333,0.57
15805.83,263.4305,0.46
15805.92,263.432,0.45
15806.13,263.4355,0.91
15806.23,263.4371666667,0.63
15806.33,263.4388333333,0.28
15806.64,263.444,0.21
15806.85,263.4475,0.34
15806.95,263.4491666667,0.35
15809,263.4833333333,0.42
15809.1,263.485,0.35
15809.31,263.4885,0.73
15809.41,263.4901666667,0.4
15809.51,263.4918333333,1.13
15809.62,263.4936666667,0.98
15809.72,263.4953333333,0.71
15809.82,263.497,1.42
15809.92,263.4986666667,0.46
15810.03,263.5005,0.52
15810.13,263.5021666667,0.34
15810.34,263.5056666667,0.65
15810.44,263.5073333333,0.52
15810.54,263.509,0.95
15810.64,263.5106666667,1.38
15810.75,263.5125,0.3
15810.85,263.5141666667,0.69
15810.95,263.5158333333,0.24
15811.16,263.5193333333,1.36
15811.26,263.521,0.78
15811.36,263.5226666667,0.52
15811.57,263.5261666667,0.26
15812.4,263.54,0.24
15812.5,263.5416666667,0.33
15812.6,263.5433333333,0.39
15812.7,263.545,0.47
15812.8,263.5466666667,0.25
15812.9,263.5483333333,0.59
15813.01,263.5501666667,1.25
15813.11,263.5518333333,0.65
15813.21,263.5535,0.27
15813.52,263.5586666667,0.34
15813.62,263.5603333333,0.29
15814.46,263.5743333333,0.44
15814.56,263.576,0.66
15814.66,263.5776666667,0.29
15814.76,263.5793333333,0.38
15815.47,263.5911666667,0.39
15815.57,263.5928333333,0.28
15921.9,265.365,0.21
16103.53,268.3921666667,0.73
16103.57,268.3928333333,0.8
16103.77,268.3961666667,0.55
16103.97,268.3995,0.61
16104.28,268.4046666667,0.25
16104.38,268.4063333333,0.3
16104.48,268.408,1.24
16104.59,268.4098333333,0.62
16104.69,268.4115,1.02
16104.79,268.4131666667,1.02
16104.89,268.4148333333,2.02
16105,268.4166666667,1.91
16105.11,268.4185,2.28
16105.21,268.4201666667,0.4
16105.72,268.4286666667,0.34
16106.74,268.4456666667,0.27
16107.37,268.4561666667,0.22
16107.47,268.4578333333,0.21
16107.67,268.4611666667,0.22
16109,268.4833333333,0.22
16109.61,268.4935,0.2
16109.71,268.4951666667,0.21
16110.02,268.5003333333,0.33
16110.22,268.5036666667,0.3
16110.43,268.5071666667,0.3
16110.53,268.5088333333,0.28
16110.63,268.5105,0.38
16110.74,268.5123333333,0.23
16111.66,268.5276666667,0.22
16112.89,268.5481666667,0.2
16113.02,268.5503333333,0.23
16118.65,268.6441666667,0.25
16119.03,268.6505,0.21
16170.03,269.5005,0.21
16175.15,269.5858333333,0.21
16284.78,271.413,0.22
16304.28,271.738,0.23
16435.9,273.9316666667,0.2
16442.66,274.0443333333,0.23
16533.53,275.5588333333,0.21
16555.28,275.9213333333,0.22
16564.28,276.0713333333,0.23
16564.28,276.0713333333,0.2
16565.86,276.0976666667,0.2
16601.15,276.6858333333,0.22
16628.52,277.142,0.21
16713.65,278.5608333333,0.24
16770.28,279.5046666667,0.26
16832.03,280.5338333333,0.2
16921.41,282.0235,0.21
16952.9,282.5483333333,0.21
16968.03,282.8005,0.21
17093.78,284.8963333333,0.2
17209.53,286.8255,0.2
17244.03,287.4005,0.23
17271.78,287.863,0.2
17275.83,287.9305,0.21
17304.53,288.4088333333,0.22
17333.15,288.8858333333,0.23
17441.91,290.6985,0.23
17443.37,290.7228333333,0.25
17485.53,291.4255,0.22
17485.53,291.4255,0.25
17522.15,292.0358333333,0.21
17600.16,293.336,0.21
17632.78,293.8796666667,0.24
17632.9,293.8816666667,0.26
17719.03,295.3171666667,0.2
17732.53,295.5421666667,0.2
17738.78,295.6463333333,0.26
17780.28,296.338,0.21
17851.41,297.5235,0.21
17968.03,299.4671666667,0.2
18012.53,300.2088333333,0.21
18023.16,300.386,0.21
18052.54,300.8756666667,0.28
18052.64,300.8773333333,0.21
18052.94,300.8823333333,0.22
18053.45,300.8908333333,0.22
18053.75,300.8958333333,0.22
18054.48,300.908,0.32
18054.58,300.9096666667,0.44
18054.68,300.9113333333,0.26
18054.79,300.9131666667,0.27
18054.99,300.9165,0.29
18055.09,300.9181666667,0.39
18055.5,300.925,0.22
18056.23,300.9371666667,0.23
18056.43,300.9405,0.23
18056.63,300.9438333333,0.43
18057.04,300.9506666667,0.43
18057.14,300.9523333333,0.27
18057.55,300.9591666667,0.42
18057.65,300.9608333333,0.56
18057.86,300.9643333333,0.46
18057.96,300.966,0.53
18058.08,300.968,0.36
18058.16,300.9693333333,0.63
18058.38,300.973,0.24
18058.48,300.9746666667,0.7
18058.58,300.9763333333,0.24
18058.68,300.978,0.41
18058.78,300.9796666667,0.9
18059.09,300.9848333333,0.59
18059.19,300.9865,0.35
18059.5,300.9916666667,0.53
18059.6,300.9933333333,0.62
18059.8,300.9966666667,0.43
18060.22,301.0036666667,0.54
18060.42,301.007,1
18060.52,301.0086666667,0.78
18060.62,301.0103333333,0.26
18060.73,301.0121666667,0.25
18061.04,301.0173333333,0.24
18061.25,301.0208333333,0.25
18061.35,301.0225,0.26
18061.76,301.0293333333,0.33
18062.17,301.0361666667,0.2
18063.91,301.0651666667,0.24
18064.01,301.0668333333,0.27
18066.36,301.106,0.33
18150.16,302.5026666667,0.23
18257.41,304.2901666667,0.26
18260.4,304.34,0.23
18478.16,307.9693333333,0.23
18514.66,308.5776666667,0.21
18566.28,309.438,0.21
18610.16,310.1693333333,0.21
18659.79,310.9965,0.25
18716.91,311.9485,0.39
18716.91,311.9485,0.26
18720.53,312.0088333333,0.21
18743.53,312.3921666667,0.21
18916.79,315.2798333333,0.74
18916.82,315.2803333333,1
18916.92,315.282,0.39
18917.02,315.2836666667,0.23
18917.13,315.2855,0.24
18917.23,315.2871666667,0.34
18917.65,315.2941666667,0.51
18917.75,315.2958333333,0.37
18918.25,315.3041666667,0.23
18918.78,315.313,0.36
18918.88,315.3146666667,0.58
18918.99,315.3165,0.32
18919.29,315.3215,0.22
18919.6,315.3266666667,0.22
18919.9,315.3316666667,0.28
18920.01,315.3335,0.21
18920.11,315.3351666667,0.36
18920.21,315.3368333333,0.28
18920.31,315.3385,0.43
18920.41,315.3401666667,1.23
18920.51,315.3418333333,1.68
18920.62,315.3436666667,0.21
18920.72,315.3453333333,0.86
18920.82,315.347,0.46
18920.92,315.3486666667,0.59
18921.02,315.3503333333,0.48
18921.33,315.3555,1.06
18921.44,315.3573333333,0.22
18921.76,315.3626666667,0.72
18921.86,315.3643333333,0.96
18921.96,315.366,0.5
18922.06,315.3676666667,0.76
18922.16,315.3693333333,0.64
18922.26,315.371,0.94
18922.37,315.3728333333,2.5
18922.47,315.3745,4.01
18922.57,315.3761666667,2.26
18922.67,315.3778333333,2.28
18922.77,315.3795,0.36
18922.88,315.3813333333,0.87
18923.08,315.3846666667,0.61
18923.23,315.3871666667,0.26
18923.31,315.3885,1.71
18923.39,315.3898333333,2.67
18923.59,315.3931666667,0.31
18923.7,315.395,0.57
18923.8,315.3966666667,0.2
18923.9,315.3983333333,0.54
18924,315.4,0.38
18924.21,315.4035,0.31
18924.32,315.4053333333,0.3
18924.72,315.412,0.22
18924.83,315.4138333333,0.42
18925.03,315.4171666667,0.37
18925.14,315.419,0.7
18925.24,315.4206666667,0.55
18925.45,315.4241666667,0.47
18925.55,315.4258333333,0.67
18925.65,315.4275,0.26
18925.75,315.4291666667,0.24
18925.88,315.4313333333,0.39
18926.78,315.4463333333,0.22
18926.98,315.4496666667,0.23
18927.19,315.4531666667,0.32
18927.5,315.4583333333,0.3
18927.6,315.46,0.49
18927.7,315.4616666667,0.55
18927.9,315.465,0.62
18928.11,315.4685,0.28
18928.22,315.4703333333,2.03
18928.32,315.472,1.22
18928.42,315.4736666667,2.04
18928.63,315.4771666667,3.03
18928.73,315.4788333333,0.95
18928.83,315.4805,1.19
18928.93,315.4821666667,2.05
18929.04,315.484,0.28
18929.14,315.4856666667,0.49
18929.67,315.4945,0.61
18929.77,315.4961666667,0.53
18929.87,315.4978333333,1.26
18930.07,315.5011666667,0.42
18930.27,315.5045,1.36
18930.38,315.5063333333,0.93
18932.63,315.5438333333,0.23
19107.54,318.459,0.21
19190.92,319.8486666667,0.21
19192.17,319.8695,0.22
19192.67,319.8778333333,0.24
19192.98,319.883,0.52
19193.08,319.8846666667,0.53
19193.3,319.8883333333,0.26
19193.49,319.8915,0.38
19193.7,319.895,0.3
19194,319.9,0.25
19194.56,319.9093333333,0.33
19194.63,319.9105,0.3
19194.73,319.9121666667,0.28
19195.04,319.9173333333,0.48
19195.14,319.919,0.36
19196.57,319.9428333333,0.43
19196.67,319.9445,0.7
19196.78,319.9463333333,0.88
19196.88,319.948,0.91
19196.98,319.9496666667,0.4
19197.08,319.9513333333,0.48
19197.18,319.953,1.04
19197.29,319.9548333333,0.61
19197.39,319.9565,0.74
19197.49,319.9581666667,0.26
19197.59,319.9598333333,0.58
19198.42,319.9736666667,0.22
19198.63,319.9771666667,0.25
19198.83,319.9805,0.2
19199.13,319.9855,0.22
19199.23,319.9871666667,0.23
19384.29,323.0715,0.23
19384.37,323.0728333333,0.33
19386.52,323.1086666667,0.24
19411.29,323.5215,0.21
19411.39,323.5231666667,0.71
19411.5,323.525,0.67
19411.6,323.5266666667,0.34
19411.7,323.5283333333,0.45
19481.8,324.6966666667,0.26
19485.28,324.7546666667,0.2
19529.91,325.4985,0.24
19609.04,326.8173333333,0.24
19618.66,326.9776666667,0.32
19618.73,326.9788333333,0.4
19618.83,326.9805,0.22
19619.05,326.9841666667,0.2
19619.15,326.9858333333,0.23
19619.25,326.9875,0.22
19619.65,326.9941666667,0.31
19621.19,327.0198333333,0.79
19621.29,327.0215,0.93
19621.39,327.0231666667,0.7
19621.49,327.0248333333,0.65
19621.6,327.0266666667,0.45
19621.71,327.0285,0.21
19622.01,327.0335,0.22
19622.11,327.0351666667,0.33
19622.42,327.0403333333,0.23
19622.93,327.0488333333,0.55
19623.03,327.0505,0.34
19623.14,327.0523333333,0.66
19623.24,327.054,0.49
19623.34,327.0556666667,2.41
19623.44,327.0573333333,2.34
19623.55,327.0591666667,2.35
19623.65,327.0608333333,1.43
19623.75,327.0625,3.32
19623.86,327.0643333333,0.8
19624.06,327.0676666667,0.58
19624.16,327.0693333333,0.79
19624.27,327.0711666667,0.71
19624.37,327.0728333333,1.74
19624.49,327.0748333333,1.83
19624.59,327.0765,0.27
19624.69,327.0781666667,0.43
19624.89,327.0815,0.78
19624.99,327.0831666667,1.02
19625.09,327.0848333333,0.78
19625.2,327.0866666667,0.34
19625.3,327.0883333333,1.41
19625.4,327.09,0.86
19625.6,327.0933333333,0.35
19625.71,327.0951666667,0.45
19625.81,327.0968333333,0.2
19626.32,327.1053333333,0.41
19626.42,327.107,0.67
19626.53,327.1088333333,0.53
19626.73,327.1121666667,0.59
19626.94,327.1156666667,0.86
19627.14,327.119,0.26
19627.24,327.1206666667,0.57
19627.35,327.1225,0.31
19627.45,327.1241666667,0.86
19627.65,327.1275,0.97
19627.76,327.1293333333,0.31
19627.87,327.1311666667,0.31
19627.97,327.1328333333,0.69
19628.07,327.1345,0.26
19628.17,327.1361666667,0.65
19628.28,327.138,0.5
19628.38,327.1396666667,0.22
19628.48,327.1413333333,0.24
19628.68,327.1446666667,0.22
19629,327.15,0.27
19629.1,327.1516666667,0.23
19629.51,327.1585,0.44
19629.81,327.1635,0.45
19630.02,327.167,0.26
19630.33,327.1721666667,0.6
19630.53,327.1755,1.4
19630.63,327.1771666667,1.44
19630.74,327.179,1.28
19630.84,327.1806666667,0.5
19630.94,327.1823333333,1.06
19631.05,327.1841666667,1.24
19631.15,327.1858333333,0.79
19631.37,327.1895,0.7
19690.17,328.1695,0.23
19690.22,328.1703333333,0.35
19690.32,328.172,0.36
19690.42,328.1736666667,0.89
19690.52,328.1753333333,0.22
19690.62,328.177,0.48
19690.83,328.1805,0.55
19690.93,328.1821666667,0.73
19691.04,328.184,0.49
19691.24,328.1873333333,0.25
19691.55,328.1925,2.06
19691.65,328.1941666667,2.84
19691.75,328.1958333333,0.9
19691.95,328.1991666667,0.3
19692.05,328.2008333333,0.32
19692.15,328.2025,0.29
19692.46,328.2076666667,0.39
19692.56,328.2093333333,0.45
19692.87,328.2145,0.34
19692.97,328.2161666667,0.56
19693.08,328.218,2.39
19693.18,328.2196666667,3
19693.28,328.2213333333,0.62
19693.39,328.2231666667,0.32
19693.49,328.2248333333,0.48
19693.6,328.2266666667,0.73
19693.8,328.23,0.26
19693.91,328.2318333333,0.27
19694.21,328.2368333333,0.5
19694.31,328.2385,0.53
19694.41,328.2401666667,0.25
19694.62,328.2436666667,0.23
19694.82,328.247,0.25
19694.93,328.2488333333,0.21
19845.68,330.7613333333,0.2
19866.04,331.1006666667,0.21
20019.42,333.657,0.21
20053.67,334.2278333333,0.21
20153.42,335.8903333333,0.39
20153.42,335.8903333333,0.32
20154.85,335.9141666667,0.45
20154.95,335.9158333333,0.46
20155.05,335.9175,0.47
20156.08,335.9346666667,0.28
20156.89,335.9481666667,0.27
20157,335.95,0.25
20157.3,335.955,0.21
20157.81,335.9635,0.2
20157.92,335.9653333333,0.28
20159.05,335.9841666667,0.2
20159.66,335.9943333333,0.48
20159.76,335.996,0.76
20159.97,335.9995,1.02
20160.07,336.0011666667,0.62
20160.58,336.0096666667,0.42
20160.71,336.0118333333,0.66
20160.78,336.013,0.25
20160.89,336.0148333333,0.25
20160.99,336.0165,0.29
20161.3,336.0216666667,0.42
20161.4,336.0233333333,0.57
20161.53,336.0255,0.61
20161.61,336.0268333333,0.65
20161.71,336.0285,0.56
20161.81,336.0301666667,1.23
20162.02,336.0336666667,1.46
20162.12,336.0353333333,1.11
20162.33,336.0388333333,0.35
20162.53,336.0421666667,0.34
20162.64,336.044,3.44
20162.74,336.0456666667,1.51
20162.84,336.0473333333,1.08
20162.94,336.049,1.32
20163.04,336.0506666667,8.41
20163.15,336.0525,6.2
20163.25,336.0541666667,1.56
20163.46,336.0576666667,2.37
20163.56,336.0593333333,1.1
20163.66,336.061,1.4
20163.77,336.0628333333,0.78
20163.87,336.0645,0.5
20163.97,336.0661666667,1.46
20164.08,336.068,2.04
20164.28,336.0713333333,0.21
20164.59,336.0765,0.5
20165.72,336.0953333333,0.37
20165.82,336.097,0.36
20166.12,336.102,0.24
20166.23,336.1038333333,0.23
20166.75,336.1125,0.88
20166.85,336.1141666667,0.21
20166.95,336.1158333333,0.4
20167.06,336.1176666667,0.29
20167.26,336.121,0.59
20167.46,336.1243333333,1.28
20167.56,336.126,2.82
20167.67,336.1278333333,2.39
20167.77,336.1295,0.52
20167.87,336.1311666667,0.94
20167.97,336.1328333333,0.39
20168.07,336.1345,2.43
20168.18,336.1363333333,2.95
20168.28,336.138,1.06
20168.38,336.1396666667,0.53
20168.49,336.1415,0.59
20168.69,336.1448333333,0.37
20168.8,336.1466666667,0.7
20169,336.15,0.62
20169.1,336.1516666667,0.4
20169.51,336.1585,0.22
20169.72,336.162,0.27
20169.92,336.1653333333,0.4
20170.02,336.167,0.33
20170.33,336.1721666667,0.25
20218.55,336.9758333333,0.22
20246.8,337.4466666667,0.21
20274.17,337.9028333333,0.21
20324.92,338.7486666667,0.21
20330.17,338.8361666667,0.27
20330.2,338.8366666667,0.23
20349.17,339.1528333333,0.21
20487.29,341.4548333333,0.21
20557.79,342.6298333333,0.22
20630.04,343.834,0.22
20687.3,344.7883333333,0.21
20700.67,345.0111666667,0.21
20797.42,346.6236666667,0.21
20800.17,346.6695,0.21
20800.28,346.6713333333,0.27
20800.38,346.673,0.24
20891.79,348.1965,0.22
20921.67,348.6945,0.21
20950.92,349.182,0.25
20950.92,349.182,0.34
20950.94,349.1823333333,0.2
21101.18,351.6863333333,0.22
21183.05,353.0508333333,0.28
21183.16,353.0526666667,0.24
21183.46,353.0576666667,0.21
21183.57,353.0595,0.3
21183.67,353.0611666667,0.64
21183.77,353.0628333333,0.42
21183.98,353.0663333333,0.25
21184.08,353.068,0.2
21184.61,353.0768333333,0.21
21184.81,353.0801666667,0.21
21186.44,353.1073333333,0.29
21186.54,353.109,0.22
21186.85,353.1141666667,0.28
21187.16,353.1193333333,0.81
21187.26,353.121,0.65
21187.37,353.1228333333,0.3
21187.57,353.1261666667,0.45
21187.68,353.128,0.33
21187.78,353.1296666667,0.39
21187.88,353.1313333333,0.24
21187.98,353.133,0.85
21188.08,353.1346666667,0.23
21188.18,353.1363333333,0.21
21188.28,353.138,0.41
21188.39,353.1398333333,1.54
21188.59,353.1431666667,0.21
21188.7,353.145,0.67
21189,353.15,0.38
21189.11,353.1518333333,0.6
21189.21,353.1535,0.69
21189.31,353.1551666667,0.53
21189.42,353.157,0.52
21189.52,353.1586666667,0.75
21189.62,353.1603333333,0.42
21189.73,353.1621666667,0.32
21190.03,353.1671666667,0.36
21190.34,353.1723333333,0.4
21190.44,353.174,0.28
21190.75,353.1791666667,0.47
21190.85,353.1808333333,0.87
21190.96,353.1826666667,0.74
21191.16,353.186,0.81
21191.37,353.1895,0.73
21191.47,353.1911666667,0.26
21191.57,353.1928333333,0.3
21191.88,353.198,0.23
21191.98,353.1996666667,0.3
21192.09,353.2015,0.69
21192.19,353.2031666667,0.55
21192.29,353.2048333333,0.65
21192.4,353.2066666667,1.28
21192.51,353.2085,1.14
21192.64,353.2106666667,2.75
21192.71,353.2118333333,1.16
21192.82,353.2136666667,0.27
21192.92,353.2153333333,2.86
21193.02,353.217,1.86
21193.12,353.2186666667,1.63
21193.22,353.2203333333,1.45
21193.32,353.222,0.21
21193.43,353.2238333333,0.59
21193.53,353.2255,0.22
21193.73,353.2288333333,0.58
21193.94,353.2323333333,0.45
21194.04,353.234,0.25
21194.15,353.2358333333,0.37
21194.25,353.2375,0.35
21194.35,353.2391666667,1.95
21194.48,353.2413333333,0.73
21194.56,353.2426666667,1.72
21194.66,353.2443333333,0.21
21194.76,353.246,0.71
21194.86,353.2476666667,0.72
21194.96,353.2493333333,0.47
21195.07,353.2511666667,0.66
21195.17,353.2528333333,1.42
21195.27,353.2545,0.62
21195.38,353.2563333333,0.59
21195.48,353.258,1.1
21195.58,353.2596666667,0.34
21195.89,353.2648333333,0.54
21195.99,353.2665,0.46
21196.1,353.2683333333,0.23
21196.2,353.27,0.54
21196.3,353.2716666667,0.65
21196.51,353.2751666667,0.49
21196.61,353.2768333333,0.63
21196.71,353.2785,0.68
21196.82,353.2803333333,0.29
21196.92,353.282,0.3
21197.02,353.2836666667,0.33
21197.12,353.2853333333,0.29
21197.43,353.2905,0.29
21197.54,353.2923333333,0.91
21197.64,353.294,1.56
21197.74,353.2956666667,1.07
21197.84,353.2973333333,1.91
21197.95,353.2991666667,0.32
21198.05,353.3008333333,0.41
21384.31,356.4051666667,0.2
21512.05,358.5341666667,0.23
21564.92,359.4153333333,0.21
21640.8,360.68,0.2
21644.36,360.7393333333,0.2
21647.42,360.7903333333,0.23
21649.18,360.8196666667,0.27
21649.28,360.8213333333,0.21
21651.65,360.8608333333,0.22
21675.17,361.2528333333,0.21
21717.67,361.9611666667,0.22
21801.05,363.3508333333,0.22
21801.05,363.3508333333,0.39
21801.25,363.3541666667,0.35
21801.36,363.356,0.4
21801.46,363.3576666667,0.33
21801.77,363.3628333333,0.34
21801.86,363.3643333333,0.37
21802.37,363.3728333333,0.21
21802.57,363.3761666667,0.23
21803.31,363.3885,0.22
21803.41,363.3901666667,0.25
21803.51,363.3918333333,0.25
21803.81,363.3968333333,0.38
21804.02,363.4003333333,0.34
21804.12,363.402,0.82
21804.22,363.4036666667,0.71
21804.33,363.4055,0.43
21804.43,363.4071666667,1.15
21804.54,363.409,1.63
21804.64,363.4106666667,2.36
21804.74,363.4123333333,0.57
21804.84,363.414,1.28
21805.05,363.4175,0.32
21805.15,363.4191666667,0.34
21805.25,363.4208333333,1.52
21805.35,363.4225,1.17
21805.45,363.4241666667,0.34
21805.55,363.4258333333,0.24
21805.66,363.4276666667,0.29
21805.76,363.4293333333,0.56
21805.97,363.4328333333,0.45
21806.07,363.4345,0.36
21806.38,363.4396666667,0.21
21806.69,363.4448333333,0.7
21806.79,363.4465,0.48
21806.89,363.4481666667,0.43
21807,363.45,0.58
21807.1,363.4516666667,0.23
21807.2,363.4533333333,0.46
21807.3,363.455,0.64
21807.4,363.4566666667,0.48
21807.51,363.4585,0.51
21807.82,363.4636666667,0.3
21807.92,363.4653333333,1.02
21808.54,363.4756666667,0.45
21808.64,363.4773333333,0.26
21808.75,363.4791666667,0.59
21808.85,363.4808333333,1.04
21808.95,363.4825,1.26
21809.06,363.4843333333,0.41
21809.19,363.4865,1.05
21809.26,363.4876666667,0.95
21809.97,363.4995,0.61
21810.07,363.5011666667,0.28
21810.38,363.5063333333,0.53
21810.48,363.508,0.6
21810.69,363.5115,1.25
21810.79,363.5131666667,5.02
21810.89,363.5148333333,3.85
21810.99,363.5165,0.39
21811.1,363.5183333333,2.13
21811.2,363.52,2.11
21811.4,363.5233333333,1.27
21811.51,363.5251666667,0.49
21811.61,363.5268333333,0.72
21811.73,363.5288333333,0.53
21811.83,363.5305,0.35
21811.93,363.5321666667,0.64
21812.03,363.5338333333,0.55
21812.54,363.5423333333,0.23
21812.85,363.5475,0.45
21812.95,363.5491666667,0.77
21813.05,363.5508333333,0.28
21813.15,363.5525,0.22
21813.46,363.5576666667,0.24
21813.56,363.5593333333,0.21
21813.67,363.5611666667,0.45
21813.77,363.5628333333,0.54
21813.87,363.5645,0.26
21813.97,363.5661666667,0.22
21814.08,363.568,0.22
21814.49,363.5748333333,0.25
21814.59,363.5765,0.21
21817.87,363.6311666667,0.21
21909.3,365.155,0.21
22029.3,367.155,0.2
22753.18,379.2196666667,0.34
22753.18,379.2196666667,0.31
22771.8,379.53,0.3
22772.05,379.5341666667,0.2
22808.43,380.1405,0.2
22809.76,380.1626666667,0.3
23058.05,384.3008333333,0.21
23058.13,384.3021666667,0.27
23058.24,384.304,0.23
23058.85,384.3141666667,0.2
23058.96,384.316,0.26
23059.07,384.3178333333,0.22
23060.81,384.3468333333,0.23
23060.91,384.3485,0.54
23061.01,384.3501666667,0.61
23061.11,384.3518333333,0.42
23061.21,384.3535,0.35
23061.31,384.3551666667,0.42
23061.42,384.357,0.26
23061.72,384.362,0.48
23061.83,384.3638333333,0.48
23061.93,384.3655,0.5
23062.05,384.3675,0.51
23062.14,384.369,0.34
23062.24,384.3706666667,0.5
23062.34,384.3723333333,0.31
23062.75,384.3791666667,0.25
23062.85,384.3808333333,0.23
23062.96,384.3826666667,0.67
23063.06,384.3843333333,0.54
23063.67,384.3945,0.24
23063.78,384.3963333333,0.3
23064.31,384.4051666667,0.28
23065.32,384.422,0.2
23066.65,384.4441666667,0.2
23069.85,384.4975,0.3
23069.93,384.4988333333,0.24
23070.14,384.5023333333,0.28
23070.24,384.504,0.28
23237.18,387.2863333333,0.22
23265.56,387.7593333333,0.21
23265.61,387.7601666667,0.25
23313.31,388.5551666667,0.22
23361.18,389.353,0.2
23389.44,389.824,0.21
23573.44,392.8906666667,0.27
23573.54,392.8923333333,0.33
23923.56,398.726,0.23
23924.17,398.7361666667,0.22
23925.8,398.7633333333,0.33
23925.9,398.765,0.54
23926.01,398.7668333333,0.42
23926.62,398.777,0.53
23926.72,398.7786666667,0.44
23926.93,398.7821666667,0.33
23927.03,398.7838333333,0.7
23927.13,398.7855,0.52
23927.24,398.7873333333,0.26
23927.34,398.789,0.31
23928.57,398.8095,0.26
23928.88,398.8146666667,0.51
23929.08,398.818,1.06
23929.18,398.8196666667,0.8
23929.28,398.8213333333,0.2
23929.49,398.8248333333,0.36
23929.59,398.8265,0.26
23929.69,398.8281666667,0.22
23929.8,398.83,0.49
23930,398.8333333333,0.65
23930.11,398.8351666667,0.85
23930.42,398.8403333333,0.27
23930.62,398.8436666667,0.26
23930.82,398.847,0.21
23930.95,398.8491666667,1.53
23931.03,398.8505,1.26
23931.13,398.8521666667,0.47
23931.24,398.854,0.49
23931.44,398.8573333333,0.66
23931.54,398.859,0.45
23931.64,398.8606666667,0.27
23931.75,398.8625,0.49
23931.85,398.8641666667,0.31
23931.96,398.866,1.19
23932.06,398.8676666667,1.16
23932.27,398.8711666667,0.24
23932.37,398.8728333333,0.29
23932.47,398.8745,0.36
23932.67,398.8778333333,0.34
23932.88,398.8813333333,0.49
23932.98,398.883,0.94
23933.09,398.8848333333,0.71
23934.94,398.9156666667,2.38
23935.04,398.9173333333,3.07
23935.14,398.919,1.2
23935.24,398.9206666667,0.23
23935.35,398.9225,0.72
23935.45,398.9241666667,0.92
23935.55,398.9258333333,0.24
23935.65,398.9275,0.36
23935.75,398.9291666667,0.38
23936.38,398.9396666667,0.33
